Run,Fill,LumiEosOld,Fill Start,Fill End,Energy [GeV],Filling Scheme,Stable B. time [h],Turnaround time [h],Injection time [h],Ramp time [h],Particle B1,Particle B2,# Bunches B1,# Bunches B2,# Coll. IP 1/5,# Coll. IP 2,# Coll. IP 8,beta* IP 1 [m],beta* IP 5 [m],beta* IP 2 [m],beta* IP 8 [m],Xing Angle IP 1 [urad],Xing Angle IP 5 [urad],Xing Angle IP 2 [urad],Xing Angle IP 8 [urad],Spectrometer IP 2 [urad],Spectrometer IP 8 [urad],Intensity B1 [1e11 ppb],Intensity B2 [1e11 ppb],Bnch Len B1 [ns],Bnch Len B2 [ns],Emittance B1 H [um],Emittance B1 V [um],Emittance B2 H [um],Emittance B2 V [um],ATLAS Peak Lumi [Hz/ub],CMS Peak Lumi [Hz/ub],ALICE Peak Lumi [Hz/ub],LHCb Peak Lumi [Hz/ub],Lumi Lifetime Start [h],Lumi Lifetime End [h],ATLAS Int. Lumi [1/nb],CMS Int. Lumi [1/nb],ALICE Int. Lumi [1/nb],LHCb Int. Lumi [1/nb],scale_x,Flux1_eos,Flux11_eos,Flux3_eos,Flux13_eos,Flux1_st,Flux11_st,Flux3_st,Flux13_st,FluxErr1_eos,FluxErr11_eos,FluxErr3_eos,FluxErr13_eos,FluxErr1_st,FluxErr11_st,FluxErr3_st,FluxErr13_st,nEvents,nTracks1,nTracks1Total,nTracks11,nTracks11Total,nTracks3,nTracks3Total,nTracks13,nTracks13Total,scale_y
6975,9192.0,0.0017650185460922,1695740795000.0,1695762558000.0,6799.44,50ns_119b_58_51_58_56bpi_9inj_3INDIV_4NC_PbPb,3.1,155.630833,0.993056,0.354722,PB82,PB82,119.0,119.0,58.0,51.0,58.0,0.5,0.5,0.5,1.5,170.0,170.0,170.0,-135.0,71.28,139.38,0.1329829999999999,0.132744,1e-09,1e-09,4.541849,3.095937,3.509692,1.854075,0.000359,0.0003829999999999,0.0002829999999999,252.377701,12529.294296,12825.028018,0.002104,0.00254,0.002112,116.158468,100.0,22367.12400175492,22428.724290299968,21787.63488959183,21765.141798750006,18763.492721407514,18815.168411391664,18277.36675647104,18258.49759178722,1496.6202312269636,1453.7434776579832,1543.9296052206491,1613.8023005611478,1255.4954679526556,1219.5267107067075,1295.182693476832,1353.7979991524169,980864.0,318.0,628.0,349.0,631.0,278.0,595.0,277.0,565.0,100.0
6977,9193.0,0.0083770518454084,1695762558000.0,1695798199000.0,6799.56,50ns_227b_170_170_161_56bpi_7inj_3INDIV_PbPb,4.9875,5.114167,1.2375,0.354722,PB82,PB82,227.0,227.0,170.0,170.0,161.0,0.5,0.5,0.5,1.5,170.0,170.0,170.0,-135.0,71.28,139.38,0.129553,0.129243,1e-09,1e-09,4.478899,3.017495,3.513541,1.932713,0.000926,0.001079,0.0008899999999999,0.0090589999999999,11567.653036,16327.475405,0.008642,0.0090519999999999,0.009374,0.0133519999999999,100.0,17146.45935246058,17196.5345328467,16595.464956319312,16638.181725833645,16620.77979180167,16669.319757349305,16086.677891430816,16128.085041730508,803.657571569405,792.3861755096357,816.2907771546105,893.2974226999722,779.0188779208422,768.0930425629598,791.2647721769135,865.9105326692166,3589143.0,1157.0,2449.0,1270.0,2340.0,1005.0,2362.0,1005.0,2207.0,100.0
6981,9194.0,0.0056891694035535,1695798199000.0,1695819590000.0,6799.44,50ns_227b_170_170_161_56bpi_7inj_3INDIV_PbPb,2.496667,3.49,2.03,0.355,PB82,PB82,227.0,227.0,170.0,170.0,161.0,0.5,0.5,0.5,1.5,170.0,170.0,170.0,-135.0,71.28,139.38,0.1324839999999999,0.1355669999999999,1e-09,1e-09,2.181721,2.031647,3.424064,1.848948,0.0010319999999999,0.001185,0.00099,0.000659,11022.732038,11022.732038,0.005726,0.006593,0.0060179999999999,0.003978,100.0,17260.760094045563,17286.1648457443,17068.793036982723,17283.367893624327,17149.735977841643,17174.97732189846,16959.003685223386,17172.19836024562,879.5761710565997,862.4403312971175,911.0474760484846,992.5509031429252,873.9185889748422,856.8929698229313,905.1874652322176,986.1666485557324,2418274.0,791.0,1663.0,867.0,1595.0,702.0,1560.0,709.0,1487.0,100.0
6992,9197.0,0.005796217696982,1695837094000.0,1695857101000.0,6799.56,50ns_227b_170_170_161_56bpi_7inj_3INDIV_PbPb,3.179722,7.1025,0.823333,0.355,PB82,PB82,227.0,227.0,170.0,170.0,161.0,0.5,0.5,0.5,1.5,170.0,170.0,170.0,-135.0,71.28,139.38,0.122434,0.1267409999999999,1e-09,1e-09,2.099488,2.056136,3.449922,1.844492,0.0010189999999999,0.001033,0.000853,0.000567,9214.265637,23132.847721,0.006614,0.00553,0.006264,0.004179,100.0,15935.311068077584,16203.695254487317,16323.977191689231,15983.164855068806,13965.003329256791,14200.203385328488,14305.61316655574,14006.9402761915,824.4264058788686,817.2082405842809,877.0065755749506,929.851425711124,722.490916784754,716.1652352878942,768.5698569272924,814.8807513260904,6317650.0,744.0,1612.0,828.0,1539.0,684.0,1567.0,668.0,1466.0,100.0
7001,9200.0,0.003034475722717,1695864497000.0,1695876202000.0,6799.56,50ns_227b_170_170_161_56bpi_7inj_3INDIV_PbPb,1.329722,3.908611,0.863889,0.354722,PB82,PB82,227.0,227.0,170.0,170.0,161.0,0.5,0.5,0.5,1.5,170.0,170.0,170.0,-135.0,71.28,139.38,0.1213019999999999,0.1265449999999999,1e-09,1e-09,2.123475,1.991448,3.461456,1.799169,0.001002,0.0010219999999999,0.000871,0.000568,10285.165398,10285.165398,0.003574,0.0036779999999999,0.003286,0.002131,100.0,18655.782678100444,18465.95190698995,18462.305031921915,18509.8270525961,15839.54102545611,15678.36674835498,15675.270398646602,15715.618585000906,1107.702966126727,1070.4033677746877,1152.0136684201725,1221.7445982804354,940.486222353991,908.817300790936,978.1078648738572,1037.312345507167,3218325.0,456.0,941.0,494.0,897.0,405.0,918.0,405.0,867.0,100.0
7021,9206.0,0.0068453861531383,1695957632000.0,1695990222000.0,6799.44,50ns_451b_394_394_161_56bpi_11inj_3INDIV_PbPb,2.0575,22.261944,1.268333,0.355278,PB82,PB82,451.0,451.0,394.0,394.0,161.0,0.5,0.5,0.5,1.5,170.0,170.0,170.0,-135.0,71.28,139.38,0.1264089999999999,0.125835,1e-09,1e-09,2.203224,1.975104,3.460855,1.90143,0.002366,0.002447,0.001992,0.000596,6435.183637,6435.183637,0.008402,0.011243,0.010865,0.00298,100.0,18135.700980675167,18591.880676079603,18934.603053657003,18010.875074826195,14775.75296007742,15147.41758400796,15426.644793938802,14674.053182946796,875.8828601239948,877.3848924362452,945.1438289584434,988.5342771833294,713.6106168131355,714.8343720133076,770.039809506813,805.3914369118473,9762258.0,1000.0,2182.0,1122.0,2047.0,937.0,2064.0,889.0,1943.0,100.0
7028,,,,,,,,,,,,,,,,,,,,,,,,,,,,,,,,,,,,,,,,,,,,,,,,,,,,,,,,,,,,,,,,591.0,2539.0,624.0,2366.0,499.0,2373.0,490.0,2297.0,100.0
7035,,,,,,,,,,,,,,,,,,,,,,,,,,,,,,,,,,,,,,,,,,,,,,,,,,,,,,,,,,,,,,,,244.0,889.0,255.0,849.0,200.0,829.0,199.0,802.0,100.0
7039,9218.0,0.0152496465945373,1696249802000.0,1696284400000.0,6799.44,50ns_675b_506_610_369_56bpi_15inj_3INDIV_PbPb,5.045,5.114167,1.558611,0.355278,PB82,PB82,675.0,675.0,506.0,610.0,369.0,0.5,0.5,0.5,1.5,170.0,170.0,170.0,-135.0,71.28,139.38,0.103252,0.118872,1e-09,1e-09,2.144653,1.934689,3.468136,2.071667,0.0025119999999999,0.002347,0.0027209999999999,0.000919,9075.729098,-329941.897654,0.018794,0.021983,0.028108,0.011247,100.0,17226.148341970653,17241.77887354749,17116.96202276148,17115.549422967895,13977.475492185118,13990.158267678971,13888.8805799313,13887.734381802553,731.8780003426782,724.8132357851318,756.7042746495904,841.7820724412109,593.8534029766146,588.1209797151375,613.9976995308048,683.0307073718028,13543709.0,2116.0,4426.0,2318.0,4255.0,1887.0,4291.0,1882.0,4051.0,100.0
7045,9220.0,0.024847091032843,1696292296000.0,1696323651000.0,6799.44,50ns_675b_506_610_369_56bpi_15inj_3INDIV_PbPb,5.7925,4.713056,1.299722,0.355,PB82,PB82,675.0,675.0,506.0,610.0,369.0,0.5,0.5,0.5,1.5,170.0,170.0,170.0,-135.0,71.28,139.38,0.124067,0.125336,1e-09,1e-09,2.22501,1.993989,3.475332,1.967847,0.003177,0.002792,0.0035339999999999,0.001423,11043.201852,19184.209732,0.029873,0.026661,0.035788,0.014474,100.0,17382.457500651588,17530.08781851162,17208.30203474956,17090.731062067127,14457.988949660716,14580.781569989302,14313.133839188557,14215.343303887104,699.6192122978542,700.374724273875,719.4455730713859,804.1970554625979,581.9135090647306,582.5419117977871,598.4042328283275,668.8969117739585,20232597.0,3479.0,7186.0,3840.0,6834.0,3091.0,6817.0,3062.0,6501.0,100.0
7052,9222.0,0.0290103728123261,1696355378000.0,1696387511000.0,6799.56,50ns_899b_674_771_522_56bpi_19inj_3INDIV_PbPb,4.745,13.393056,1.701667,0.355,PB82,PB82,899.0,899.0,674.0,771.0,522.0,0.5,0.5,0.5,1.5,170.0,170.0,170.0,-135.0,71.28,139.38,0.117308,0.120791,1e-09,1e-09,2.276763,1.93125,3.465104,1.942284,0.0038159999999999,0.003588,0.003996,0.001506,11943.943541,18108.943669,0.034162,0.0306,0.03744,0.0165709999999999,100.0,19443.32527330036,19475.331865412,19147.48444324877,19119.11776798403,16494.376462887765,16521.528648646254,16243.405502140376,16219.341170847232,774.7797469531573,771.3659143018313,792.5594810613323,892.2006038418177,657.2697129958094,654.373652772531,672.3528134258064,756.8814713186531,1067205.0,3916.0,8359.0,4293.0,7922.0,3461.0,7873.0,3447.0,7426.0,100.0
7060,9223.0,0.0250037092438475,1696387511000.0,1696415916000.0,6799.44,50ns_899b_674_771_522_56bpi_19inj_3INDIV_PbPb,3.857778,3.880556,2.646389,0.354722,PB82,PB82,899.0,899.0,674.0,771.0,522.0,0.5,0.5,0.5,1.5,170.0,170.0,170.0,-135.0,71.28,139.38,0.118297,0.117591,1e-09,1e-09,2.443408,2.090446,3.523463,2.066904,0.003691,0.003209,0.003689,0.001343,12075.729697,15320.692483,0.029474,0.025789,0.0312549999999999,0.013351,100.0,17626.09926461088,17606.280682428107,17587.360024584734,17577.16397062412,14952.767222485078,14935.954503935734,14919.90352248028,14911.253893360858,397.0911582963316,397.928854669023,430.5940000893856,572.9671471018361,336.86475759462945,337.57540143453593,365.28625841013286,486.0658191087441,18638299.0,3550.0,7368.0,3881.0,7054.0,3179.0,7069.0,3169.0,6666.0,100.0
7066,9225.0,0.0036803235190942,1696459510000.0,1696472352000.0,6799.44,50ns_227b_170_170_161_56bpi_7inj_3INDIV_PbPb,1.266944,14.539722,1.112778,0.354722,PB82,PB82,227.0,227.0,170.0,170.0,161.0,0.5,0.5,0.5,1.5,170.0,170.0,170.0,-135.0,71.28,139.38,0.124221,0.128118,1e-09,1e-09,2.141741,1.853617,3.474524,1.939514,0.001085,0.001066,0.0010499999999999,0.000608,9528.493918,9528.493918,0.003896,0.003624,0.003742,0.0022469999999999,100.0,18181.72424695018,17906.82353584797,17740.69247495957,17635.625223537292,17175.212362355618,16915.529725680768,16758.595421101803,16659.34452877737,409.6720993087228,404.7795539396528,434.4134193346831,574.9220856320978,386.99329111976897,382.37158942828427,410.3649702740245,543.0952960468545,3521379.0,539.0,1111.0,581.0,1054.0,472.0,1074.0,468.0,988.0,100.0
7071,9226.0,0.0142018855252557,1696472352000.0,1696497058000.0,6799.44,50ns_899b_674_771_522_56bpi_19inj_3INDIV_PbPb,1.636389,2.6475,1.361667,0.354722,PB82,PB82,899.0,899.0,674.0,771.0,522.0,0.5,0.5,0.5,1.5,170.0,170.0,170.0,-135.0,71.28,139.38,0.118188,0.119093,1e-09,1e-09,2.230445,1.897265,3.422265,1.985064,0.003753,0.003638,0.004087,0.001523,9074.198174,9074.198174,0.016983,0.01546,0.01832,0.0074409999999999,100.0,17771.482963479568,18090.5019472701,18048.61902131669,18202.49436658564,14861.24752171994,15128.024362571176,15093.000131289717,15221.677045772944,400.37473838796114,408.88035251759845,441.8953709725855,593.3573643999475,334.8098805741061,341.9226261544575,369.5311471879576,496.1899172569934,12653703.0,2033.0,4318.0,2265.0,4154.0,1853.0,4205.0,1864.0,3998.0,100.0
7078,9231.0,0.0392772453656812,1696516664000.0,1696538721000.0,6799.44,50ns_1123b_1010_1010_320_56bpi_23inj_3INIDV_PbPb,3.904167,9.939167,1.785556,0.355,PB82,PB82,1123.0,1123.0,1010.0,1010.0,320.0,0.5,0.5,0.5,1.5,170.0,170.0,170.0,-135.0,71.28,139.38,0.123739,0.124858,1e-09,1e-09,2.413922,2.069272,3.718734,1.973905,0.005696,0.005551,0.005602,0.00117,11382.027475,14650.861061,0.047317,0.042505,0.045505,0.011133,100.0,17241.936120937422,17275.626476508965,17162.08132935966,17132.10689142081,14312.313874536889,14340.27981409858,14246.027418455033,14221.146015288676,388.4327400535864,390.4521055808697,420.1780046945073,558.4566354226226,322.4331221157006,324.10937198991303,348.78446620978804,463.56781485696814,27088625.0,5455.0,11594.0,5982.0,11013.0,4873.0,11105.0,4852.0,10501.0,100.0
7080,9232.0,0.0610128535078446,1696538721000.0,1696600533000.0,6799.44,50ns_1123b_1010_1010_320_56bpi_23inj_3INIDV_PbPb,11.03,3.068889,1.817222,0.354722,PB82,PB82,1123.0,1123.0,1010.0,1010.0,320.0,0.5,0.5,0.5,1.5,170.0,170.0,170.0,-135.0,71.28,139.38,0.118604,0.120096,1e-09,1e-09,2.315768,1.949844,3.678463,1.985247,0.005376,0.005261,0.005389,0.001119,11791.995597,12516.92826,0.078645,0.065307,0.064155,0.020295,1.0,17369.55816475724,17255.799129756237,17049.6360337021,17010.100775302417,13475.31702971988,13387.062679949262,13227.121186169945,13196.449701280442,391.752134782492,390.40867494891785,417.8806406866796,554.8227678912832,303.9216175328321,302.8793603261498,324.1921331805027,430.4319443088276,48747718.0,853646.0,1813185.0,928171.0,1703828.0,752007.0,1704626.0,748337.0,1610374.0,1.0
7085,9234.0,0.005775010541411,1696602146000.0,1696613910000.0,6799.44,50ns_1240b_1088_1088_398_56bpi_PbPb,0.3158329999999999,6.625556,1.86,0.354722,PB82,PB82,1240.0,1240.0,1088.0,1088.0,398.0,0.5,0.5,0.5,1.5,170.0,170.0,170.0,-135.0,71.28,139.38,0.123577,0.120711,1e-09,1e-09,2.362832,2.001998,3.683917,2.013439,0.006084,0.005896,0.006361,0.000786,,,0.005033,0.004546,0.005873,0.000758,100.0,18530.484864757385,18659.46735801556,18204.35839806396,18275.23122194316,21262.417133207186,21410.415396315355,20888.210142746684,20969.53168159072,417.5018145602417,421.76529763337646,445.7372860586655,595.7502066376335,479.0537214670447,483.9457659118055,511.4519224495816,683.5811093542901,3995341.0,862.0,1747.0,950.0,1673.0,760.0,1675.0,761.0,1593.0,100.0
7090,9235.0,0.0211390926272418,1696613910000.0,1696670845000.0,6799.44,50ns_1240b_1088_1088_398_56bpi_PbPb,1.568333,3.289444,1.881111,0.354722,PB82,PB82,1240.0,1240.0,1088.0,1088.0,398.0,0.5,0.5,0.5,1.5,170.0,170.0,170.0,-135.0,71.28,139.38,0.122364,0.120388,1e-09,1e-09,2.408062,2.045664,3.534078,1.967228,0.005908,0.0056309999999999,0.006105,0.00072,10890.044998,10890.044998,0.025389,0.023264,0.0262319999999999,0.003476,100.0,18399.51399653549,18421.11357383785,18335.65189867842,18100.741396982245,15319.588430777005,15337.572418539576,15266.416316791789,15070.827878709651,414.51663250588285,416.3466937647004,448.9161282379756,590.0356314937492,345.1299968519533,346.6537210814886,373.7713031897815,491.2685756634576,23641953.0,3133.0,6491.0,3433.0,6144.0,2802.0,6135.0,2759.0,5777.0,100.0
7099,9237.0,0.0486627044144009,1696888557000.0,1696921259000.0,6799.56,50ns_1240b_1088_1088_398_56bpi_PbPb,5.175556,75.153056,2.379722,0.354722,PB82,PB82,1240.0,1240.0,1088.0,1088.0,398.0,0.5,0.5,0.5,1.5,170.0,170.0,170.0,-135.0,71.28,139.38,0.11774,0.122072,1e-09,1e-09,2.47438,2.075315,3.608768,1.966503,0.005266,0.0056839999999999,0.006066,0.000588,11777.643243,18283.646612,0.052395,0.051505,0.056953,0.006389,100.0,17230.469598781645,17269.977519037442,17237.62853935771,17281.998239587716,16003.077564783527,16039.771185270898,16009.72654673168,16050.935624072044,388.1730696689959,390.3232015213728,422.02620274655993,563.341563520608,360.5220221573245,362.5189919213136,391.9636675138447,523.2125964299996,34463726.0,6754.0,14100.0,7409.0,13425.0,6064.0,13434.0,6064.0,12614.0,100.0
7106,,,,,,,,,,,,,,,,,,,,,,,,,,,,,,,,,,,,,,,,,,,,,,,,,,,,,,,,,,,,,,,,209.0,782.0,232.0,749.0,185.0,753.0,182.0,716.0,100.0
7110,,,,,,,,,,,,,,,,,,,,,,,,,,,,,,,,,,,,,,,,,,,,,,,,,,,,,,,,,,,,,,,,450.0,1743.0,508.0,1654.0,400.0,1642.0,387.0,1549.0,100.0
7118,9242.0,0.038213557598947,1696982579000.0,1697013656000.0,6799.44,50ns_1240b_1088_1088_398_56bpi_PbPb,3.648056,5.526667,1.806944,0.355,PB82,PB82,1240.0,1240.0,1088.0,1088.0,398.0,0.5,0.5,0.5,1.5,170.0,170.0,170.0,-135.0,71.28,139.38,0.1177,0.1188,1e-09,1e-09,2.412182,2.031323,3.660701,2.000946,0.005111,0.005539,0.005922,0.0006579999999999,11937.778432,13807.909848,0.041787,0.041307,0.045624,0.005597,100.0,17845.323538322813,17931.630565536438,17853.368233579826,17775.929301744294,16319.269124453624,16398.195550270782,16326.625872379287,16255.809181013605,402.0260256440742,405.278604596185,437.1026428183766,579.4433123784834,367.6465093743407,370.6209419282835,399.7235268861606,529.8918417905046,28657635.0,5493.0,11628.0,6041.0,10959.0,4932.0,10987.0,4898.0,10343.0,100.0
7125,9245.0,0.0474061261406547,1697020271000.0,1697049536000.0,6799.44,50ns_1240b_1088_1088_398_56bpi_PbPb,4.879444,6.676389,2.392222,0.355,PB82,PB82,1240.0,1240.0,1088.0,1088.0,398.0,0.5,0.5,0.5,1.5,170.0,170.0,170.0,-135.0,71.28,139.38,0.124875,0.117877,1e-09,1e-09,2.586349,2.307563,3.894886,2.235153,0.004956,0.005248,0.005576,0.000533,12818.860806,17452.373714,0.050612,0.048246,0.053456,0.005748,100.0,17427.933360233346,17548.29216071965,17385.236269025594,17283.712112737925,16324.010259348506,16436.745272349206,16284.01769450946,16188.924298490792,392.62167636192,396.6135158684445,425.640164209814,563.3975461095555,367.75216776986673,371.4911555035968,398.67919297912414,527.7107235083562,33316012.0,6655.0,14007.0,7334.0,13311.0,5958.0,13293.0,5908.0,12576.0,100.0
7127,9246.0,0.0492943547552198,1697049536000.0,1697076162000.0,6799.44,50ns_1240b_1088_1088_398_56bpi_PbPb,4.738611,2.861944,1.663889,0.354722,PB82,PB82,1240.0,1240.0,1088.0,1088.0,398.0,0.5,0.5,0.5,1.5,170.0,170.0,170.0,-135.0,71.28,139.38,0.126545,0.128717,1e-09,1e-09,2.480665,2.258514,3.72639,2.13299,0.005649,0.005939,0.00636,0.000697,11766.389939,14810.225152,0.053451,0.051794,0.057888,0.007548,100.0,16966.86716484446,16912.919093814162,16828.73333426307,16824.22247996537,15647.429778835443,15597.67700804112,15520.03799854365,15515.87793321279,382.23457083988905,382.2532728013487,412.0153477820078,548.4194997929109,352.5098975639499,352.52714515749926,379.974756658651,505.771367747506,34032959.0,6737.0,14514.0,7350.0,13626.0,5997.0,13656.0,5980.0,12926.0,100.0
7131,9247.0,0.0552938216273199,1697076162000.0,1697110752000.0,6799.44,50ns_1240b_1088_1088_398_56bpi_PbPb,6.618611,3.122222,1.9975,0.355,PB82,PB82,1240.0,1240.0,1088.0,1088.0,398.0,0.5,0.5,0.5,1.5,170.0,170.0,170.0,-135.0,71.28,139.38,0.122627,0.123277,1e-09,1e-09,2.577902,2.347694,3.817167,2.259153,0.004999,0.005268,0.005621,0.000558,12762.664621,22240.312044,0.061305,0.057747,0.063763,0.007318,100.0,17254.388136493813,17281.051699409396,17124.24415758363,17113.142592809047,15562.532581483303,15586.581685011615,15445.14969337093,15435.136677427205,388.7112266087414,390.57287019712936,419.2495723844538,557.8368918581054,350.5966761053828,352.27577876438227,378.1406259319166,503.138954335546,39082276.0,7685.0,16371.0,8424.0,15506.0,6845.0,15565.0,6823.0,14741.0,100.0
7144,9254.0,0.0082267129812089,1697205738000.0,1697289950000.0,6799.44,50ns_1240b_1088_1088_398_56bpi_PbPb,0.612222,9.201944,1.603333,0.354722,PB82,PB82,1240.0,1240.0,1088.0,1088.0,398.0,0.5,0.5,0.5,1.5,170.0,170.0,170.0,-135.0,71.28,139.38,0.12339,0.123438,1e-09,1e-09,2.488052,2.129423,3.749268,2.129184,0.005368,0.0057,0.006159,0.000633,5015.930199,5015.930199,0.00889,0.0088509999999999,0.010269,0.000893,100.0,20402.465144510905,20337.33737505241,20093.52473186245,20060.955786049555,18880.22776749283,18819.959211087727,18594.33754216604,18564.198580489647,459.65950236484304,459.67381973070087,491.9742408329588,653.9480689648333,425.3640939303607,425.3773430709185,455.2678147897556,605.1567005612517,19272715.0,1352.0,2911.0,1475.0,2760.0,1195.0,2751.0,1190.0,2637.0,100.0
7150,9256.0,0.0208819063744408,1697291879000.0,1697318546000.0,6799.44,50ns_1240b_1088_1088_398_56bpi_PbPb,1.385278,20.6225,1.778056,0.355,PB82,PB82,1240.0,1240.0,1088.0,1088.0,398.0,0.5,0.5,0.5,1.5,170.0,170.0,170.0,-135.0,71.28,139.38,0.1278739999999999,0.127364,1e-09,1e-09,2.53971,2.234097,3.812276,2.167007,0.005527,0.005518,0.006302,0.000638,9195.492825,9195.492825,0.021976,0.021783,0.024951,0.00269,100.0,17288.469836618824,17246.54094792508,17269.726234392427,17400.51699728839,16427.74883898885,16387.907415249898,16409.938402748794,16534.217637615704,389.48722962499335,389.80037280688697,422.8197580529061,567.2107069804865,370.0962806274779,370.3938337129392,401.7693211196085,538.971645328855,15935167.0,2908.0,6125.0,3175.0,5811.0,2607.0,5858.0,2620.0,5513.0,100.0
7157,9258.0,0.0232005694701526,1697321510000.0,1697356092000.0,6799.56,50ns_1240b_1088_1088_398_56bpi_PbPb,1.543889,9.496111,4.6775,0.355,PB82,PB82,1240.0,1240.0,1088.0,1088.0,398.0,0.5,0.5,0.5,1.5,170.0,170.0,170.0,-135.0,71.28,139.38,0.12383,0.125278,1e-09,1e-09,2.540787,2.367415,3.753166,2.212121,0.005207,0.005515,0.005888,0.000685,9936.64401,9936.64401,0.023427,0.02339,0.0251429999999999,0.003098,100.0,17572.631504819317,17600.794578581772,17314.602796816213,17353.19295314662,17402.785589318028,17430.6764566642,17147.250823222505,17185.467991567053,395.8874949355162,397.805643449181,423.9170968770706,565.6670782588686,392.06109739258727,393.9607062987788,419.8197829718658,560.1996988996948,17137762.0,3284.0,6903.0,3600.0,6520.0,2904.0,6522.0,2903.0,6239.0,100.0
7160,9260.0,0.0147161937752725,1697356116000.0,1697389676000.0,6799.44,50ns_1240b_1088_1088_398_56bpi_PbPb,0.913889,4.9175,1.685,0.354722,PB82,PB82,1240.0,1240.0,1088.0,1088.0,398.0,0.5,0.5,0.5,1.5,170.0,170.0,170.0,-135.0,71.28,139.38,0.123779,0.1238289999999999,1e-09,1e-09,2.535607,2.322198,3.780605,2.184367,0.005186,0.005511,0.005956,0.000697,9046.578567,9046.578567,0.014115,0.014222,0.015394,0.001854,100.0,17378.169194339658,17373.480551859022,16929.057542092156,16944.36096482295,18118.34965096529,18113.46130726796,17650.10919037677,17666.064424831693,391.5135017288921,392.6743642204222,414.4850016838564,552.3457652265324,408.18905824143786,409.3993648210909,432.1389728461789,575.8715771891514,13892713.0,2060.0,4328.0,2254.0,4112.0,1801.0,4094.0,1798.0,3884.0,100.0
7167,9263.0,0.0434853859708003,1697403044000.0,1697438739000.0,6799.44,50ns_1240b_1088_1088_398_56bpi_PbPb,4.342222,11.365,1.4925,0.355,PB82,PB82,1240.0,1240.0,1088.0,1088.0,398.0,0.5,0.5,0.5,1.5,170.0,170.0,170.0,-135.0,71.28,139.38,0.116137,0.117366,1e-09,1e-09,2.299087,2.187521,3.739497,2.089831,0.0036259999999999,0.003644,0.0035209999999999,0.000647,23516.753336,14753.627046,0.045708,0.043174,0.0458589999999999,0.006532,100.0,16846.689988095186,16913.29000120914,16754.61895629928,16670.175649575223,16027.496640910484,16090.858137277,15939.902688990149,15859.565553575205,379.52797034324897,382.2623356874849,410.20160741231246,543.3986483257659,361.0729035856007,363.6743066743222,390.2549930902055,516.9751456737795,32602775.0,5901.0,12696.0,6484.0,12005.0,5267.0,12030.0,5227.0,11276.0,100.0
7178,9267.0,0.0102130549376893,1697458915000.0,1697473078000.0,6799.44,50ns_960b_880_880_208_40bpi_24inj_PbPb,0.723611,11.942222,1.541389,0.355,PB82,PB82,960.0,960.0,880.0,880.0,208.0,0.5,0.5,0.5,1.5,170.0,170.0,170.0,-135.0,71.28,139.38,0.1322879999999999,0.132689,1e-09,1e-09,2.397649,2.13703,3.727619,2.058194,0.004161,0.005525,0.005785,0.000564,3053656.194104,3053656.194104,0.009016,0.008861,0.0088439999999999,0.001257,100.0,17005.693409275143,17014.982851670193,16727.300373983224,16974.045028544504,19263.540488290604,19274.063290588863,18948.18519063017,19227.69014988212,383.13063548348697,384.5794907480018,409.5539438268334,553.3197430853439,433.9989162050433,435.64013608228936,463.930449007406,626.784043282914,7005802.0,1399.0,3042.0,1532.0,2846.0,1235.0,2835.0,1250.0,2728.0,100.0
7183,9268.0,0.043884384167323,1697473078000.0,1697500922000.0,6799.44,50ns_961b_880_880_209_40bpi_25inj_PbPb,4.749444,2.826944,1.699167,0.355,PB82,PB82,961.0,961.0,880.0,880.0,209.0,0.5,0.5,0.5,1.5,170.0,170.0,170.0,-135.0,71.28,139.38,0.13091,0.138257,1e-09,1e-09,2.436346,2.181733,3.757638,2.045314,0.005105,0.005468,0.005744,0.000594,21210.044616,15546.001813,0.046402,0.044666,0.047118,0.006691,100.0,17089.569635867236,17118.793977673038,16867.064622275,16774.589878727682,16162.347294397145,16189.98602209946,15951.914651501642,15864.457275276369,384.99949681891337,386.9068700604458,412.95450038563934,546.8021696771011,364.1107241633389,365.91460977348254,390.5489836332128,517.1345303572184,30818211.0,6041.0,12927.0,6623.0,12252.0,5351.0,12246.0,5308.0,11558.0,100.0
7187,9269.0,0.0085992867721891,1697500922000.0,1697513845000.0,6799.32,50ns_961b_880_880_209_40bpi_25inj_PbPb,0.678889,2.966389,1.758333,0.355,PB82,PB82,961.0,961.0,880.0,880.0,209.0,0.5,0.5,0.5,1.5,170.0,170.0,170.0,-135.0,71.28,139.38,0.134282,0.1322309999999999,1e-09,1e-09,2.572862,2.217791,3.776329,2.134389,0.004916,0.00532,0.0054159999999999,0.000557,9843.254218,9843.254218,0.008581,0.008373,0.008281,0.001155,100.0,17237.49658702507,17226.980543969246,17035.23362722092,16804.913901461776,17274.231020447634,17263.69256689377,17071.537022691235,16840.72646784974,388.3577518191741,389.375452474922,417.0981131461818,547.8105245941747,389.1853721123133,390.2052415665751,417.98698136383126,548.9779510323638,6020208.0,1194.0,2470.0,1306.0,2360.0,1059.0,2389.0,1042.0,2253.0,100.0
7191,9270.0,0.0455146931438164,1697513845000.0,1697541935000.0,6799.44,50ns_961b_880_880_209_40bpi_25inj_PbPb,4.832222,3.021944,1.6125,0.355,PB82,PB82,961.0,961.0,880.0,880.0,209.0,0.5,0.5,0.5,1.5,170.0,170.0,170.0,-135.0,71.28,139.38,0.138222,0.137347,1e-09,1e-09,2.465528,2.13205,3.717257,2.058125,0.005406,0.005883,0.006086,0.000603,25734.599799,13567.58729,0.047833,0.046183,0.0484139999999999,0.006755,100.0,17216.61111006524,17250.766404202615,16937.604592395608,16920.261057559237,16382.17907409196,16414.67897440972,16116.695076917244,16100.192125688878,387.8612577446742,389.88936857234825,414.6812652608354,551.550404863368,369.0629090507297,370.9927240734804,394.5830397599247,524.8185861372679,31826669.0,6312.0,13424.0,6922.0,12625.0,5573.0,12609.0,5553.0,11927.0,100.0
7196,9271.0,0.0421695740051323,1697541935000.0,1697580091000.0,6799.44,50ns_961b_880_880_209_40bpi_25inj_PbPb,4.711389,5.948056,1.8425,0.355,PB82,PB82,961.0,961.0,880.0,880.0,209.0,0.5,0.5,0.5,1.5,170.0,170.0,170.0,-135.0,71.28,139.38,0.130806,0.132081,1e-09,1e-09,2.486082,2.115558,3.793276,2.089795,0.004905,0.005155,0.005437,0.000559,16745.229404,15889.069429,0.044729,0.043052,0.045361,0.006286,100.0,17752.12702939398,17785.334988414143,17533.27569848494,17400.813514937203,16736.337376523956,16767.64515191487,16530.008878348486,16405.126277530282,399.9258215819583,401.97156829561504,429.26528089126873,567.2152299350881,377.0417744587125,378.9704620537248,404.70240851300696,534.7587608841214,29474660.0,6030.0,12493.0,6612.0,11823.0,5345.0,11919.0,5291.0,11247.0,100.0
7204,9273.0,0.030531557997342,1697588648000.0,1697612604000.0,6799.44,50ns_961b_880_880_209_40bpi_25inj_PbPb,2.778056,5.440556,1.448611,0.355,PB82,PB82,961.0,961.0,880.0,880.0,209.0,0.5,0.5,0.5,1.5,170.0,170.0,170.0,-135.0,71.28,139.38,0.135609,0.135211,1e-09,1e-09,2.451109,2.137233,3.707091,2.066656,0.0052379999999999,0.005534,0.005873,0.000577,22498.576117,14667.003865,0.032319,0.031227,0.0327329999999999,0.004457,100.0,17455.97939369019,17372.165354069453,17320.87779543896,17347.292319066135,16490.55500661713,16411.376405432933,16362.925368245242,16387.879004189897,393.2567087473536,392.6358068132904,424.0678008893377,565.4725351070934,371.5071633083839,370.92060111863447,400.6142101444382,534.1983818040856,21555001.0,4293.0,9130.0,4676.0,8539.0,3823.0,8610.0,3819.0,8135.0,100.0
7227,9279.0,0.0103675806606831,1697736587000.0,1697752970000.0,6799.56,50ns_451b_394_394_161_56bpi_11inj_3INDIV_PbPb,1.949722,37.748333,1.106389,0.355,PB82,PB82,451.0,451.0,394.0,394.0,161.0,0.5,0.5,0.5,1.5,170.0,170.0,-170.0,-135.0,71.28,139.38,0.13348,0.1376169999999999,1e-09,1e-09,2.41845,2.175255,3.797416,2.111337,0.00221,0.0023259999999999,0.002533,0.000315,8586.099728,8586.099728,0.011075,0.010866,0.012404,0.0017949999999999,100.0,21110.92136194607,20842.3159738677,20414.0217911898,20292.66859597917,19762.45417980277,19511.006050972377,19110.06930285368,18996.46758368639,475.6126631803045,471.0805216676279,499.8137223386993,661.4958169423335,445.23274480940427,440.99009535583264,467.8879531975418,619.2425497836717,9230853.0,1763.0,3580.0,1905.0,3386.0,1530.0,3437.0,1517.0,3215.0,100.0
7237,9281.0,0.0456475567347542,1697762226000.0,1697794112000.0,6799.44,50ns_961b_880_880_209_40bpi_25inj_PbPb,5.923056,5.606111,1.922778,0.355,PB82,PB82,961.0,961.0,880.0,880.0,209.0,0.5,0.5,0.5,1.5,170.0,170.0,-170.0,-135.0,71.28,139.38,0.1321509999999999,0.131767,1e-09,1e-09,2.597531,2.320871,3.914839,2.175662,0.004616,0.004799,0.004971,0.000548,16517.230804,19228.571056,0.050259,0.047721,0.050122,0.007245,100.0,18246.205145433883,18398.28285875468,18058.03184094937,18016.4060480012,16572.050469968708,16710.17450838775,16401.142740160656,16363.33626280872,411.0558980104119,415.8243242689842,442.1121174938103,587.2811691733241,373.34004706790057,377.6709531379312,401.54674717803823,533.3960184064963,33775891.0,6709.0,13971.0,7404.0,13266.0,5959.0,13456.0,5930.0,12694.0,100.0
7241,9282.0,0.0513217831938872,1697794112000.0,1697825128000.0,6799.44,50ns_961b_880_880_209_40bpi_25inj_PbPb,5.896667,2.729444,1.545833,0.354722,PB82,PB82,961.0,961.0,880.0,880.0,209.0,0.5,0.5,0.5,1.5,170.0,170.0,-170.0,-135.0,71.28,139.38,0.141457,0.1470259999999999,1e-09,1e-09,2.462124,2.152849,3.802988,2.103256,0.00368,0.003639,0.003561,0.000868,48360.839958,16249.161963,0.055984,0.0539509999999999,0.055714,0.012184,100.0,18004.39696990521,18110.174727731188,18072.224404150213,18086.3150768996,16505.03282770356,16602.001660832317,16567.21175159109,16580.128986013427,405.6077846522599,409.3121965722742,442.4589028085055,589.5594619432661,371.8297153771828,375.225632521721,405.6119584549757,540.4623264818007,37751478.0,7443.0,15939.0,8194.0,15089.0,6705.0,15154.0,6693.0,14282.0,100.0
7243,9283.0,0.0135599349682452,1697825128000.0,1697845827000.0,6799.44,50ns_961b_880_880_209_40bpi_25inj_PbPb,1.112778,2.564444,1.505556,0.355,PB82,PB82,961.0,961.0,880.0,880.0,209.0,0.5,0.5,0.5,1.5,170.0,170.0,-170.0,-135.0,71.28,139.38,0.147234,0.1473609999999999,1e-09,1e-09,2.520111,2.150637,3.825476,2.121209,0.003626,0.003585,0.003631,0.0004479999999999,-767610.074423,-767610.074423,0.014424,0.013786,0.013571,0.001111,100.0,19244.53419150205,19340.096713933297,18994.88357738195,19227.873114078226,18091.696625827728,18181.534506413493,17857.001250602327,18076.033624831605,433.5605026589106,437.1232284495608,465.06324327831777,626.7821010189949,407.5882016676739,410.93750352783104,437.2037808496385,589.2349229809807,12238381.0,2102.0,4517.0,2312.0,4268.0,1862.0,4271.0,1880.0,4050.0,100.0
7247,9284.0,0.0137008944084225,1697845827000.0,1697859440000.0,6799.44,50ns_961b_880_880_209_40bpi_25inj_PbPb,1.193333,4.620556,1.575278,0.355,PB82,PB82,961.0,961.0,880.0,880.0,209.0,0.5,0.5,0.5,1.5,170.0,170.0,-170.0,-135.0,71.28,139.38,0.146602,0.148792,1e-09,1e-09,2.538071,2.149933,3.934805,2.112285,0.005595,0.005821,0.006122,0.000449,289443.528194,289443.528194,0.014667,0.014128,0.013989,0.001097,100.0,19390.863655565463,19066.607973895712,18950.903470024383,19100.90681585608,18113.600288608497,17810.703114279164,17702.619989569273,17842.742714199398,436.8567985860462,430.9419303978274,463.986285562259,622.6432493498739,408.0813301308335,402.556070399019,433.42381573905374,581.6301502324764,10310309.0,2140.0,4457.0,2303.0,4270.0,1877.0,4285.0,1887.0,4075.0,100.0
7251,9285.0,0.0522284691285509,1697859440000.0,1697889361000.0,6799.44,50ns_961b_880_880_209_40bpi_25inj_PbPb,5.996111,2.329722,1.3825,0.355,PB82,PB82,961.0,961.0,880.0,880.0,209.0,0.5,0.5,0.5,1.5,170.0,170.0,-170.0,-135.0,71.28,139.38,0.148549,0.1490489999999999,1e-09,1e-09,2.483483,2.110098,3.836318,2.093291,0.005895,0.006174,0.006421,0.000475,50097.778092,17142.161673,0.05694,0.054939,0.057113,0.0034069999999999,100.0,18507.14389200555,18280.09503706536,18155.772359522543,18114.87842382432,16975.760334057984,16767.498758523798,16653.4632276839,16615.95308265124,416.9335562678174,413.1524735465359,444.5042708265077,590.4904626223101,382.4341653001518,378.96595029873015,407.7235262797908,541.6300122545324,37819313.0,7786.0,16228.0,8417.0,15419.0,6855.0,15347.0,6822.0,14502.0,100.0
7258,9288.0,0.0556196611063626,1697897148000.0,1697930487000.0,6799.44,50ns_1081b_960_960_289_40bpi_28inj_PbPb,6.778056,4.635278,1.584167,0.354722,PB82,PB82,1081.0,1081.0,960.0,960.0,289.0,0.5,0.5,0.5,1.5,170.0,170.0,-170.0,-135.0,71.28,139.38,0.139836,0.140651,1e-09,1e-09,2.450046,2.103615,0.992169,1.60861,0.003533,0.003654,0.003591,0.000616,58035.617541,14172.73578,0.061362,0.058507,0.061301,0.005828,100.0,17309.54939500054,17347.043139511097,17155.738499702868,17184.936645770664,15689.698367943907,15723.683397168606,15550.281304110877,15576.747048206977,389.9538682898763,392.0643134080822,420.0206029706263,560.1771230126794,353.46145825426305,355.3744050659411,380.7145072669783,507.75499073534826,39827087.0,7755.0,16544.0,8506.0,15675.0,6898.0,15720.0,6892.0,14885.0,100.0
7263,9289.0,0.0437027535159184,1697930487000.0,1697962280000.0,6799.44,50ns_1081b_960_960_289_40bpi_28inj_PbPb,4.053333,2.581111,1.682778,0.354722,PB82,PB82,1081.0,1081.0,960.0,960.0,289.0,0.5,0.5,0.5,1.5,170.0,170.0,-170.0,-135.0,71.28,139.38,0.1448099999999999,0.145479,1e-09,1e-09,2.493362,2.113707,0.987844,1.597868,0.003774,0.003626,0.003602,0.000643,189897.338841,12923.386851,0.04727,0.045333,0.046907,0.004677,100.0,17305.469747439107,17600.028135295615,17339.149583151877,17279.059028937576,15999.50663950741,16271.836079332652,16030.644815065094,15975.089014780297,389.8633129638344,397.7832470408438,424.5123514865539,563.2462508989234,360.44214663333696,367.7644002155215,392.4763837842143,520.7406827120969,32280342.0,6092.0,13108.0,6781.0,12455.0,5478.0,12543.0,5445.0,11778.0,100.0
7268,9291.0,0.0569765085023426,1697975848000.0,1698007173000.0,6799.44,50ns_1081b_960_960_289_40bpi_28inj_PbPb,6.510833,8.125278,1.601111,0.355,PB82,PB82,1081.0,1081.0,960.0,960.0,289.0,0.5,0.5,0.5,1.5,170.0,170.0,-170.0,-135.0,71.28,139.38,0.14729,0.146214,1e-09,1e-09,2.421578,2.081645,1.014679,1.584162,0.003656,0.003608,0.0037799999999999,0.000656,223093.06477,15349.710512,0.062519,0.0599089999999999,0.062224,0.006061,1.0,17543.532239570217,17439.368037610864,17229.47802716742,17192.60143762441,15988.24699385777,15893.317251882108,15702.034602374151,15668.42722993322,395.7033740999282,394.5866159160871,422.3163913398273,560.7963839420902,360.623117113361,359.6053627961665,384.8768128385341,511.0801506383578,40553485.0,805157.0,1714481.0,875988.0,1610171.0,709665.0,1608891.0,706328.0,1521275.0,1.0
7272,9292.0,0.0584322517244754,1698007173000.0,1698047641000.0,6799.44,50ns_1081b_960_960_289_40bpi_28inj_PbPb,8.149167,3.091111,2.190833,0.355,PB82,PB82,1081.0,1081.0,960.0,960.0,289.0,0.5,0.5,0.5,1.5,170.0,170.0,-170.0,-135.0,71.28,139.38,0.132601,0.140051,1e-09,1e-09,5.601205,4.073001,0.9697,1.6412,0.00357,0.003625,0.003566,0.000553,30078.976864,23120.945183,0.065273,0.0612899999999999,0.062723,0.005777,100.0,17678.89832742519,17736.96957062976,17542.042208224197,17520.739130863454,15826.112439745635,15878.09769399904,15703.59913091676,15684.528661061706,398.27430947830976,400.8768073213656,429.4780425428895,571.1230127663472,356.5343205740236,358.86407114589616,384.4678365020928,511.2681146508359,42675321.0,8321.0,17689.0,9137.0,16722.0,7410.0,16736.0,7382.0,15802.0,100.0
7278,9294.0,0.0450124419797465,1698059316000.0,1698090341000.0,6799.44,50ns_1081b_960_960_289_40bpi_28inj_PbPb,5.606944,6.247222,2.206389,0.355,PB82,PB82,1080.0,1080.0,960.0,960.0,288.0,0.5,0.5,0.5,1.5,170.0,170.0,-170.0,-135.0,71.28,139.38,0.1265449999999999,0.131562,1e-09,1e-09,2.603586,2.322869,3.87263,2.243648,0.004004,0.00359,0.00354,0.000486,17640.108039,18392.667613,0.049816,0.046887,0.050159,0.003834,100.0,17629.35772553157,17569.24998850018,17458.494113154622,17444.892414508857,15929.429134428428,15875.1173465358,15775.04121812509,15762.751076983312,397.1596663962169,397.0874643555232,427.4340169446951,568.6517407540592,358.8631451813717,358.7979052952398,386.218260958188,513.8189233855383,32394135.0,6392.0,13316.0,6972.0,12672.0,5681.0,12797.0,5662.0,12084.0,100.0
7298,9302.0,0.0489101733606614,1698192187000.0,1698226066000.0,6799.44,50ns_960b_880_880_208_40bpi_24inj_PbPb,6.614722,2.607222,1.669444,0.354722,PB82,PB82,960.0,960.0,880.0,880.0,208.0,0.5,0.5,0.5,1.5,170.0,170.0,-170.0,-135.0,71.28,139.38,0.135379,0.136471,1e-09,1e-09,2.472917,2.205937,3.818326,2.103874,0.003526,0.0036259999999999,0.003605,0.00042,18371.592246,22982.539699,0.054063,0.052425,0.050399,0.003009,100.0,17658.552455770277,17637.151064491412,17399.29657137492,17469.602031941493,15975.489001906271,15956.127409734016,15740.943189603062,15804.54772994511,397.8168764290658,398.6216494858775,425.9842124371704,569.4568176650062,359.9003457437149,360.6284146582154,385.3830101771424,515.1810234986228,35627620.0,6957.0,14678.0,7605.0,13887.0,6152.0,13951.0,6161.0,13133.0,100.0
7308,9305.0,0.0466365245549665,1698246540000.0,1698280065000.0,6799.44,50ns_961b_880_880_209_40bpi_25inj_PbPb,6.614167,8.578056,1.742778,0.354722,PB82,PB82,961.0,961.0,880.0,880.0,209.0,0.5,0.5,0.5,1.5,170.0,170.0,-170.0,-135.0,71.28,139.38,0.1302069999999999,0.1329299999999999,1e-09,1e-09,2.433338,2.073616,3.7634,2.026937,0.003546,0.0037659999999999,0.0035249999999999,0.000378,17234.775232,15599.575653,0.051789,0.05034,0.052452,0.003324,100.0,17483.938260469524,17599.51898445309,17274.66976861202,17247.764752018636,15744.465349821525,15848.546974725276,15556.01693106284,15531.788688250484,393.8834486800605,397.77137853631535,422.93331719771385,562.2258525804228,354.69607689205355,358.1971975201641,380.8557808145486,506.2901345711235,34177997.0,6568.0,14059.0,7236.0,13327.0,5824.0,13132.0,5800.0,12481.0,100.0
7310,9306.0,0.0457332583629156,1698280065000.0,1698313392000.0,6799.44,50ns_961b_880_880_209_40bpi_25inj_PbPb,6.598889,2.564444,1.540278,0.355,PB82,PB82,961.0,961.0,880.0,880.0,209.0,0.5,0.5,0.5,1.5,170.0,170.0,-170.0,-135.0,71.28,139.38,0.1270129999999999,0.1310689999999999,1e-09,1e-09,2.40132,2.206386,3.746703,2.131009,0.003552,0.003592,0.00354,0.00036,14128.865997,19916.616137,0.050826,0.0491709999999999,0.050928,0.002572,100.0,17926.983488586473,17803.267929097517,17733.82079869702,17743.077862411003,16130.708053973309,16019.388736190656,15956.900176060624,15965.22968628204,403.8644725436409,402.3764062475131,434.17460610697447,578.3715464914313,363.3974396261946,362.0584768830718,390.6705118582493,520.4189856658342,33688927.0,6604.0,13752.0,7178.0,13035.0,5863.0,13093.0,5851.0,12438.0,100.0
7319,9309.0,0.0468632510376019,1698326865000.0,1698360549000.0,6799.44,50ns_961b_880_880_209_40bpi_25inj_PbPb,6.226944,6.965,1.701111,0.355,PB82,PB82,961.0,961.0,880.0,880.0,209.0,0.5,0.5,0.5,1.5,170.0,170.0,-170.0,-135.0,71.28,139.38,0.132434,0.134383,1e-09,1e-09,2.446351,2.084881,3.801379,2.076368,0.004795,0.005165,0.0035609999999999,0.00039,15826.937026,19309.602998,0.051739,0.050574,0.051032,0.002755,100.0,17889.435422604045,17809.66655735133,17769.64058951183,17661.492689482708,16203.581498105152,16131.32984350567,16095.07581890362,15997.11949604747,403.0184457728321,402.52088907384245,435.0514155136041,575.7120218273565,365.03903432684064,364.5883660787069,394.053300208317,521.4584163640734,34161676.0,6753.0,14255.0,7358.0,13532.0,6020.0,13611.0,5968.0,12833.0,100.0
7329,9312.0,0.0566056290677185,1698409467000.0,1698456586000.0,6799.44,50ns_960b_875_875_218_40bpi_24inj_PbPb,9.600278,7.581667,1.704722,0.355,PB82,PB82,960.0,960.0,875.0,875.0,218.0,0.5,0.5,0.5,1.5,170.0,170.0,-170.0,-135.0,71.28,139.38,0.142712,0.142829,1e-09,1e-09,2.492892,2.245873,3.893574,2.184033,0.003546,0.004881,0.0036879999999999,0.000501,20099.740756,24819.115077,0.063867,0.062375,0.063554,0.003906,1.0,17615.008594754192,17490.86947708,17292.904078652213,17243.628913833432,15612.2667815825,15502.24168493072,15326.784000811434,15283.111185398428,397.3167567519079,395.7534809984426,423.8724661502838,562.4621594705889,352.14375115611267,350.7582123421521,375.68020403216127,498.512915333742,42403524.0,803175.0,1698904.0,872856.0,1597670.0,707641.0,1596880.0,703813.0,1510048.0,1.0
7333,9314.0,0.0430686372535214,1698470026000.0,1698504549000.0,6799.44,50ns_960b_875_875_218_40bpi_24inj_PbPb,6.0,7.185278,1.873611,0.354722,PB82,PB82,960.0,960.0,875.0,875.0,218.0,0.5,0.5,0.5,1.5,170.0,170.0,-170.0,-135.0,71.28,139.38,0.130217,0.133134,1e-09,1e-09,2.591226,2.370719,3.885064,2.309872,0.003504,0.003851,0.003536,0.000345,13452.149756,18643.806537,0.047704,0.046073,0.048167,0.002564,100.0,17519.909723139233,17603.690701521202,17626.55897774597,17488.383867959434,15817.512925128443,15893.15296719364,15913.799149764034,15789.050414210164,394.6943019520423,397.866109088421,431.5489497772925,570.069634628307,356.3421456650254,359.20575062466884,389.61565434966377,514.6763856920608,31365723.0,6078.0,12838.0,6684.0,12126.0,5488.0,12206.0,5431.0,11573.0,100.0
7342,9316.0,0.0035591291268581,1698517810000.0,1698542371000.0,6799.32,50ns_1080b_960_960_288_40bpi_27inj_PbPb,0.298889,6.635833,1.724444,0.355,PB82,PB82,1080.0,1080.0,960.0,960.0,288.0,0.5,0.5,0.5,1.5,170.0,170.0,-170.0,-135.0,71.28,139.38,0.131113,0.130476,1e-09,1e-09,2.529922,2.214576,3.862796,2.096554,0.003589,0.004249,0.003572,0.000506,,,0.003811,0.00372,0.0035729999999999,0.000423,100.0,23265.6070032132,22595.965812453946,22037.07147762459,22093.79495633148,21727.971540060484,21102.587266490496,20580.6305344183,20633.60513038849,524.2041800849483,510.7609865020464,539.602172114586,720.2459542417884,489.559266796411,477.00454052013214,503.9395979241499,672.6445432284635,6043591.0,667.0,1431.0,709.0,1345.0,567.0,1367.0,567.0,1265.0,100.0
7346,9317.0,0.0578534145306155,1698542371000.0,1698580751000.0,6799.44,50ns_1080b_960_960_288_40bpi_27inj_PbPb,8.174167,6.211944,1.503333,0.355,PB82,PB82,1080.0,1080.0,960.0,960.0,288.0,0.5,0.5,0.5,1.5,170.0,170.0,-170.0,-135.0,71.28,139.38,0.13662,0.134111,1e-09,1e-09,2.50409,2.107066,3.836086,2.019778,0.0035929999999999,0.004348,0.003573,0.000552,32968.185363,20373.131197,0.064745,0.062216,0.065285,0.005866,1.0,17759.065579228547,17644.64714108197,17449.06542386637,17397.732284106984,15868.755620225427,15766.516106254625,15591.752492683172,15545.883353542578,400.5515838072282,399.2194548255608,427.6849385932888,567.4773313870691,357.9160833870441,356.7257488409842,382.16131038595097,507.0739252369079,42788772.0,827593.0,1751580.0,899940.0,1643875.0,729771.0,1644976.0,725756.0,1554299.0,1.0
10181,10329.0,0.0005635036428202,1730879612000.0,1730897038000.0,6799.56,50ns_119b_58_51_58_56bpi_9inj_3INDIV_4NC_PbPb,2.144444,49.244167,1.221667,0.355278,PB82,PB82,119.0,119.0,58.0,51.0,58.0,0.5,0.5,0.5,1.5,150.0,150.0,150.0,-210.0,,,0.136553,0.137349,0.0,0.0,2.009568,1.811645,1.96633,1.58524,0.00034,0.000418,0.000277,0.000166,11982.974025,11982.974025,0.0018519999999999,0.0021189999999999,0.001255,0.001015,100.0,55738.60457149,55355.9596888482,55478.70017596315,56605.95386457624,16959.45287351837,16843.026423585754,16880.37238017907,17223.359183589502,1256.166181757446,1251.5429898843574,1358.7590282936603,1845.548306441596,382.210701624198,380.804014009758,413.4263834549016,561.5406013394785,2705437.0,253.0,959.0,275.0,870.0,226.0,872.0,230.0,846.0,100.0
10189,10330.0,0.000888318695045,1730897038000.0,1730905763000.0,6799.44,50ns_291b_194_194_138_56bpi_9inj_3INDIVs_800ns_bs100ns,0.265,2.476944,1.088889,0.355833,PB82,PB82,291.0,291.0,194.0,194.0,138.0,0.5,0.5,0.5,1.5,150.0,150.0,150.0,-210.0,,,0.137628,0.142905,0.0,0.0,2.346577,1.883045,2.079112,1.765087,0.001108,0.001286,0.001065,0.000379,,,0.000947,0.001075,0.000862,0.000324,100.0,27671.24418126443,25155.088091544352,24136.67608140012,23262.07605300944,25956.582387933424,23596.341105832347,22641.03547978218,21820.6304577058,623.6869079894626,568.8115211019765,591.2443299659958,758.507804069839,585.0398523990111,533.5648449333488,554.6075941374461,711.506507595337,1094439.0,198.0,622.0,197.0,579.0,155.0,544.0,149.0,517.0,100.0
10194,10331.0,0.0069393464940517,1730905763000.0,1730928033000.0,6799.56,50ns_291b_194_194_138_56bpi_9inj_3INDIVs_800ns_bs100ns,2.447778,3.728333,0.818056,0.355278,PB82,PB82,291.0,291.0,194.0,194.0,138.0,0.5,0.5,0.5,1.5,150.0,150.0,150.0,-210.0,,,0.143713,0.1466059999999999,0.0,0.0,2.229104,1.822052,2.162543,1.692508,0.0012229999999999,0.001403,0.001157,0.0004,11290.983532,11290.983532,0.007343,0.007932,0.007074,0.002669,100.0,18158.49152714034,17163.234822748986,17402.4436704528,17806.97446309478,17160.297496408693,16219.751245244372,16445.81049604917,16828.10374644493,409.1135571750918,387.9417179281964,426.0961942241148,580.4803719718819,386.6240948729399,366.6160969905253,402.6731760204123,548.5706705854436,6459523.0,1015.0,3636.0,1050.0,3263.0,873.0,3339.0,891.0,3194.0,100.0
10202,10333.0,0.0059515179262473,1730939690000.0,1730954688000.0,6799.56,50ns_291b_194_194_138_56bpi_9inj_3INDIVs_800ns_bs100ns,2.352778,5.058611,0.9225,0.355278,PB82,PB82,291.0,291.0,194.0,194.0,138.0,0.5,0.5,0.5,1.5,150.0,150.0,150.0,-210.0,,,0.130212,0.135221,0.0,0.0,2.0931,1.824892,2.106132,1.637648,0.001057,0.001231,0.0010089999999999,0.0003579999999999,11544.392559,11544.392559,0.006334,0.006758,0.006085,0.002274,100.0,18606.702205192367,17210.29928633302,17780.675463961266,17896.35058785682,17483.12625869101,16171.045898120192,16706.97959655072,16815.669614467562,419.2174212496305,389.01142146556896,435.3630140588567,583.3988321701239,393.9027466944065,365.5207528208565,409.07337900163736,548.1699728153258,5627962.0,892.0,3170.0,903.0,2900.0,765.0,2880.0,768.0,2775.0,100.0
10204,10334.0,0.0129763118535947,1730954688000.0,1730973296000.0,6799.56,50ns_448b_336_336_318_56bpi_8inj_800ns_bs100ns,3.049444,2.028056,0.835556,0.356667,PB82,PB82,448.0,448.0,336.0,336.0,318.0,0.5,0.5,0.5,1.5,150.0,150.0,150.0,-210.0,,,0.132907,0.137519,0.0,0.0,2.118546,1.720352,1.998908,1.674053,0.001943,0.002217,0.001867,0.00083,9240.023043,12933.015854,0.013781,0.010878,0.010107,0.004845,100.0,20980.68464694316,20157.489732785467,20552.768073112755,20947.673788397417,19755.59878678333,18980.47115291037,19352.668744743925,19724.51546953172,472.673352404634,455.59792643899,503.2051016272616,682.8427407228327,445.07342178989927,428.9950492216413,473.8223877102653,642.9707822787021,11922523.0,2193.0,7488.0,2306.0,6894.0,1928.0,6789.0,1960.0,6557.0,100.0
10208,10335.0,0.0088045857534611,1730973296000.0,1730998940000.0,6799.56,50ns_448b_336_336_318_56bpi_8inj_800ns_bs100ns,1.947222,2.103611,0.964167,0.355278,PB82,PB82,448.0,448.0,336.0,336.0,318.0,0.5,0.5,0.5,1.5,150.0,150.0,150.0,-210.0,,,0.144738,0.147892,0.0,0.0,99.219025,122.188154,2.221354,1.679048,0.001988,0.002476,0.002099,0.000946,11756.740209,11756.740209,0.009323,0.012357,0.010777,0.004996,100.0,21742.41318373963,21192.6562144409,21319.915844759653,21768.581007881963,20533.405702394044,20014.218490149746,20134.40172817348,20558.118439886555,489.8436062004503,479.0028434483334,521.9971187600543,709.6094256869821,462.6053884561317,452.367436586139,492.9709744913159,670.1509213692317,9307430.0,1542.0,4879.0,1645.0,4488.0,1357.0,4474.0,1382.0,4271.0,100.0
10226,10342.0,0.0201109581409844,1731118124000.0,1731138263000.0,6799.56,50ns_792b_640_640_398_56bpi_15inj_800ns_bs100ns,2.54,3.117778,2.077778,0.355,PB82,PB82,792.0,792.0,640.0,640.0,398.0,0.5,0.5,0.5,1.5,150.0,150.0,150.0,-210.0,,,0.132497,0.1407029999999999,0.0,0.0,2.520402,2.061533,2.481059,1.8763,0.003313,0.00362,0.0030609999999999,0.0010189999999999,12803.811546,12863.872665,0.021488,0.022671,0.0199779999999999,0.006889,100.0,20235.24587390985,19481.302484725817,19747.63068398881,19929.48543490685,18938.485794058543,18232.85828379458,18482.119046412863,18652.31977628311,455.8726014424455,440.30858618975833,483.48559489555976,649.6472810270045,426.6583583968132,412.0917510228167,452.50179452315626,608.0151375250591,16362951.0,3215.0,10592.0,3441.0,10004.0,2871.0,9669.0,2890.0,9295.0,100.0
10236,10344.0,0.0303625046952887,1731172414000.0,1731193422000.0,6799.56,50ns_792b_640_640_398_56bpi_15inj_800ns_bs100ns,3.403056,2.17,1.115,0.355,PB82,PB82,792.0,792.0,640.0,640.0,398.0,0.5,0.5,0.5,1.5,150.0,150.0,150.0,-210.0,,,0.1519389999999999,0.1545439999999999,0.0,0.0,2.337081,1.9195,2.397697,1.878969,0.004344,0.004658,0.003976,0.001234,11351.428717,13069.762875,0.0322249999999999,0.032832,0.02977,0.0098,100.0,19274.551526102383,18298.2519995019,18328.50336971689,18562.95488970544,18160.548059297784,17240.675321969138,17269.178265962673,17490.079286178963,434.2254874525548,413.5662983990642,448.7370546929237,605.0992379914785,409.12873240007127,389.6635741491025,422.80158045194713,570.1265618194567,25034992.0,4601.0,16617.0,4845.0,15464.0,4023.0,15035.0,4064.0,14514.0,100.0
10241,10345.0,0.0654850394577328,1731193422000.0,1731226541000.0,6799.56,50ns_1240b_1032_1032_557_56bpi_PbPb,6.535,2.643889,1.547778,0.355278,PB82,PB82,1240.0,1240.0,1032.0,1032.0,557.0,0.5,0.5,0.5,1.5,150.0,150.0,150.0,-210.0,,,0.147377,0.149342,0.0,0.0,2.412473,1.963015,2.410153,1.837699,0.00631,0.006301,0.005781,0.00151,11811.816328,14543.113281,0.0710829999999999,0.070304,0.064873,0.0195549999999999,100.0,19994.896069743303,19013.84674801742,18912.156675154474,19327.2193621748,18420.248977679737,17516.45969552786,17422.777965242283,17805.153447945024,450.4485165561572,429.7349928666242,463.0213617306417,630.0080277237255,414.9745913981853,395.8923084878165,426.5572941871375,580.3933507895932,52433468.0,,,,,,,,,
10246,10346.0,0.0476244150851036,1731226541000.0,1731250196000.0,6799.56,50ns_1240b_1032_1032_557_56bpi_PbPb,3.616389,3.0875,1.600556,0.355,PB82,PB82,1240.0,1240.0,1032.0,1032.0,557.0,0.5,0.5,0.5,1.5,150.0,150.0,150.0,-210.0,,,0.149064,0.146068,0.0,0.0,2.349389,1.987109,2.394746,1.867475,0.006319,0.006396,0.005865,0.0015139999999999,11834.196502,14190.179371,0.050819,0.051489,0.046498,0.0137629999999999,100.0,19764.52693349898,19006.47834048111,18766.5591658794,19304.09157918877,18522.088877027592,17811.692748639358,17586.855377614596,18090.5974184486,445.2603468074804,429.5698969099397,459.4583872752496,629.2553551593408,417.27038267767233,402.5662661308592,430.5759056638024,589.6990934223959,36824740.0,7434.0,25166.0,7878.0,23505.0,6461.0,22765.0,6629.0,21874.0,100.0
10254,10348.0,0.0407575271274198,1731260548000.0,1731292333000.0,6799.56,50ns_1240b_1032_1032_557_56bpi_PbPb,4.823056,6.880556,2.632778,0.355278,PB82,PB82,1240.0,1240.0,1032.0,1032.0,557.0,0.5,0.5,0.5,1.5,150.0,150.0,150.0,-210.0,,,0.122598,0.120936,0.0,0.0,2.60667,2.195789,2.646596,2.029142,0.003992,0.004247,0.004533,0.000897,15118.696486,19212.835842,0.044804,0.043037,0.047509,0.010326,100.0,19817.02837715961,18880.193085450665,18982.41916541891,19133.36084782625,18027.25363063413,17175.02861019507,17268.022142634927,17405.33152830084,446.4440722246436,426.7166168494578,464.7441810895856,623.6908386263593,406.1234797020732,388.1777092885143,422.7708143931191,567.3622059288695,32746096.0,6397.0,21487.0,6776.0,20117.0,5593.0,19489.0,5623.0,18739.0,100.0
10258,10349.0,0.0101330574904198,1731292333000.0,1731305695000.0,6799.44,50ns_1240b_1032_1032_557_56bpi_PbPb,0.619722,2.939444,1.860556,0.355,PB82,PB82,1240.0,1240.0,1032.0,1032.0,557.0,0.5,0.5,0.5,1.5,150.0,150.0,150.0,-210.0,,,0.141691,0.134604,0.0,0.0,2.336945,1.956709,2.494956,1.853382,0.005636,0.005977,0.006325,0.0011169999999999,2221.794202,2221.794202,0.010718,0.010954,0.011596,0.002124,100.0,23572.023188736508,23003.808208051687,22770.37095189021,23225.88870577179,22285.56317754969,21748.35893550853,21527.66168442717,21958.31923135653,531.0568929271068,519.9328781290217,557.5036927891845,757.109771122819,502.074083477713,491.5571697369704,527.0775303372075,715.7899642980183,9431849.0,1924.0,6318.0,2055.0,5891.0,1668.0,5836.0,1697.0,5591.0,100.0
10262,10350.0,0.0319298169563234,1731305695000.0,1731325044000.0,6799.44,50ns_1240b_1032_1032_557_56bpi_PbPb,2.170278,3.068333,1.910556,0.3555559999999999,PB82,PB82,1240.0,1240.0,1032.0,1032.0,557.0,0.5,0.5,0.5,1.5,150.0,150.0,150.0,-210.0,,,0.139621,0.141676,0.0,0.0,2.350621,1.891476,2.360297,1.815325,0.005995,0.006218,0.006375,0.001381,11140.463467,11140.463467,0.033807,0.0339689999999999,0.036848,0.008037,100.0,19071.06214954525,18348.57390419749,17992.02593066186,18298.94430149091,18012.113574042305,17329.74254357379,16992.992416939043,17282.868697032056,429.6408405555439,414.70321599685815,440.4987860205814,596.4930036423062,405.7844054751816,391.6762143336689,416.039447662314,563.3718585507858,25613766.0,4796.0,17020.0,5129.0,16018.0,4153.0,15573.0,4213.0,14971.0,100.0
10272,10355.0,0.0535634213605396,1731352576000.0,1731384474000.0,6799.56,50ns_1240b_1032_1032_557_56bpi_PbPb,6.224167,10.688056,1.637778,0.355,PB82,PB82,1240.0,1240.0,1032.0,1032.0,557.0,0.5,0.5,0.5,1.5,150.0,150.0,150.0,-210.0,,,0.1326769999999999,0.133185,0.0,0.0,2.316133,1.939441,2.347802,1.821484,0.005351,0.00562,0.005989,0.001198,11855.823625,15787.29408,0.05883,0.057556,0.063986,0.0155219999999999,100.0,18616.056511711504,17866.856850115466,17878.89146433239,18059.549276967893,16949.5100970325,16267.380279639296,16278.337531249235,16442.822497087564,419.38700441725854,403.812774696558,437.7253969856908,588.6868100520493,381.842645431517,367.6626517395957,398.53934861387165,535.9863956520469,42031630.0,7919.0,27971.0,8397.0,26140.0,6923.0,25432.0,6975.0,24505.0,100.0
10276,10356.0,0.0553305456483127,1731384474000.0,1731415262000.0,6799.56,50ns_1240b_1032_1032_557_56bpi_PbPb,5.769167,2.660556,1.672222,0.355,PB82,PB82,1240.0,1240.0,1032.0,1032.0,557.0,0.5,0.5,0.5,1.5,150.0,150.0,150.0,-210.0,,,0.136859,0.140321,0.0,0.0,2.291227,1.914483,2.25595,1.73947,0.005908,0.006006,0.006374,0.001372,11182.36198,18131.336173,0.060259,0.059123,0.066238,0.016195,100.0,17801.62063437272,17056.377195081466,16895.37363455097,17192.017903860164,16345.664267978327,15661.372691005425,15513.537266330712,15785.91963716864,401.039257590506,385.4950080413836,413.6462443327089,560.4079690856698,368.2391169597397,353.96619823811324,379.81500529886137,514.5734033948937,43380394.0,8013.0,28832.0,8456.0,26881.0,6918.0,26218.0,7031.0,25222.0,100.0
10282,10358.0,0.0348753984183604,1731419263000.0,1731441720000.0,6799.44,50ns_1240b_1032_1032_557_56bpi_PbPb,1.717778,4.129722,1.658889,0.355833,PB82,PB82,1240.0,1240.0,1032.0,1032.0,557.0,0.5,0.5,0.5,1.5,150.0,150.0,150.0,-210.0,,,0.1728899999999999,0.18242,0.0,0.0,2.810031,2.279122,2.768485,2.050161,0.006432,0.006475,0.00642,0.001525,14269.789583,14269.789583,0.036424,0.035705,0.037195,0.006915,100.0,18709.771236912915,17829.873912364164,17876.5186559617,17966.275452847018,17914.307220616036,17071.819581672287,17116.481178890775,17202.4218787626,421.5009628664167,402.97943524507656,437.670130850578,585.6485134927627,403.5804418429837,385.8463748785946,419.0621620148765,560.7491006254296,27400086.0,5256.0,18329.0,5482.0,16921.0,4507.0,16616.0,4518.0,15968.0,100.0
10291,10361.0,0.0532832645196303,1731505851000.0,1731540107000.0,6799.44,50ns_1240b_1032_1032_557_56bpi_PbPb,3.885,24.989167,2.829167,0.355278,PB82,PB82,1240.0,1240.0,1032.0,1032.0,557.0,0.5,0.5,0.5,1.5,150.0,150.0,150.0,-210.0,,,0.157845,0.166581,0.0,0.0,2.748834,2.364572,2.681636,2.066175,0.006417,0.006415,0.006395,0.001921,11164.386613,14651.456809,0.0567,0.055703,0.061585,0.015213,100.0,18548.512946724524,17620.18843981697,17427.712555876456,17610.519736524937,17430.78168934941,16558.397910485026,16377.52060117899,16549.311842141615,417.8654124294552,398.2378568298237,426.6794329889393,574.0499216507401,392.68489072456975,374.2400893685042,400.9677794186165,539.4577393790031,41081415.0,7769.0,28019.0,8214.0,26058.0,6713.0,25396.0,6766.0,24341.0,100.0
10295,10362.0,0.0558412805353089,1731540107000.0,1731562197000.0,6799.44,50ns_1240b_1032_1032_557_56bpi_PbPb,3.46,2.615,1.731667,0.355,PB82,PB82,1240.0,1240.0,1032.0,1032.0,557.0,0.5,0.5,0.5,1.5,150.0,150.0,150.0,-210.0,,,0.1721389999999999,0.169981,0.0,0.0,2.539283,2.227686,2.535972,2.084347,0.006438,0.007615,0.006438,0.0015529999999999,11447.207874,12547.556709,0.058956,0.057798,0.062394,0.0139729999999999,100.0,19319.536645978336,18450.254615287464,18301.47462530428,18472.760948201383,18298.86128062042,17475.504510484858,17334.58475407853,17496.821805587428,435.2347700778099,416.9979322598223,448.071077922858,602.1560107548961,412.2407709925311,394.96740820212506,424.3989205856669,570.3433530528978,42508157.0,8531.0,28817.0,9007.0,26831.0,7388.0,26289.0,7438.0,25321.0,100.0
10317,10374.0,0.0711582994101138,1731623004000.0,1731659914000.0,6799.44,50ns_1240b_1032_1032_557_56bpi_PbPb,7.0275,20.284444,1.756111,0.355,PB82,PB82,1240.0,1240.0,1032.0,1032.0,557.0,0.5,0.5,0.5,1.5,150.0,150.0,150.0,-210.0,,,0.155486,0.162359,0.0,0.0,2.546231,1.97532,2.457827,2.022354,0.00639,0.006425,0.006439,0.001554,10747.354032,19575.723958,0.077111,0.075445,0.084418,0.020871,100.0,18496.71215011801,17532.993026457818,17394.621417994153,17583.619094712045,17068.830403973338,16179.507039619815,16051.817237322914,16226.224951756752,416.697146931064,396.2659738780079,425.8679470576278,573.1720449260467,384.5295787197786,365.67562105603145,392.992425022334,528.9251596575698,55079895.0,10375.0,36588.0,10968.0,34288.0,8948.0,33396.0,9022.0,32130.0,100.0
10323,10375.0,0.0772901131662193,1731659914000.0,1731695752000.0,6799.44,50ns_1240b_1032_1032_557_56bpi_PbPb,6.569722,3.380278,2.035,0.355278,PB82,PB82,1240.0,1240.0,1032.0,1032.0,557.0,0.5,0.5,0.5,1.5,150.0,150.0,150.0,-210.0,,,0.1710879999999999,0.174703,0.0,0.0,2.630829,2.041206,2.656542,2.112686,0.006425,0.006464,0.006434,0.001556,11390.251075,17312.265975,0.082948,0.080957,0.09006,0.021724,100.0,18404.20971301804,17524.48135368281,17720.243420681512,18047.568259792824,17148.857735617454,16329.135687484266,16511.544815033845,16816.54281205641,414.6129481151184,396.0733221410699,433.83967573181366,588.2950484974743,386.3321801610324,369.0571429136776,404.2474518168945,548.1674166163895,59982991.0,11228.0,40389.0,11939.0,37692.0,9901.0,36852.0,10058.0,35430.0,100.0
10328,10376.0,0.0031172087710496,1731695752000.0,1731706668000.0,6799.32,50ns_1240b_1032_1032_557_56bpi_PbPb,0.195,2.736389,1.736944,0.355,PB82,PB82,1240.0,1240.0,1032.0,1032.0,557.0,0.5,0.5,0.5,1.5,150.0,150.0,150.0,-210.0,,,0.187921,0.186816,0.0,0.0,2.742596,2.407103,2.691786,2.127182,0.006444,0.006839,0.006384,0.0015269999999999,,,0.003317,0.003555,0.003534,0.000846,100.0,26643.57679962012,25071.582711299525,25294.350499912787,25937.83183180676,25038.76734757662,23561.45840571614,23770.80833172537,24375.5311691648,600.3139382237847,566.7222959203319,619.3597874523938,845.5575844788941,564.1555241527159,532.5871907121713,582.0541941157879,794.6275305291501,3438341.0,669.0,2280.0,689.0,2075.0,570.0,2087.0,583.0,2008.0,100.0
10333,10377.0,0.0896310342694125,1731706668000.0,1731744405000.0,6799.56,50ns_1240b_1032_1032_557_56bpi_PbPb,7.239167,3.186111,2.136111,0.355,PB82,PB82,1240.0,1240.0,1032.0,1032.0,557.0,0.5,0.5,0.5,1.5,150.0,150.0,150.0,-210.0,,,0.189947,0.187055,0.0,0.0,2.738049,2.395323,2.592695,2.109215,0.006478,0.006481,0.006459,0.001569,16207.475937,17529.485569,0.095821,0.092939,0.102626,0.025669,100.0,19608.5338756148,18727.207977075872,18549.17051055637,18728.43603920179,18341.83708976285,17517.444192439052,17350.907814579834,17518.592922659915,441.7434292607953,423.2556495900314,454.13338748634425,610.4887548359841,413.2071304449144,395.9136476672812,424.796706532732,571.0516327923426,68390553.0,13844.0,46290.0,14665.0,43187.0,12019.0,42198.0,12104.0,40505.0,100.0
10337,10378.0,0.0871727950386908,1731744405000.0,1731778042000.0,6799.44,50ns_1240b_1032_1032_557_56bpi_PbPb,6.713333,2.717778,1.774444,0.355,PB82,PB82,1240.0,1240.0,1032.0,1032.0,557.0,0.5,0.5,0.5,1.5,150.0,150.0,150.0,-210.0,,,0.187677,0.187314,0.0,0.0,2.604431,2.243038,2.722649,2.094901,0.006449,0.006483,0.006607,0.0015349999999999,16366.082346,17630.062812,0.092965,0.090225,0.099311,0.024698,100.0,19408.119269632432,18483.690398051363,18424.81857227997,18620.20023926658,18198.89209033652,17332.05996480341,17276.856161205036,17460.064530059353,437.2285828194511,417.7519978480722,451.0890289085037,606.9606851003776,409.98695891117376,391.7238668898361,422.98382682991536,569.1438648824675,66472680.0,13333.0,44939.0,14116.0,42152.0,11611.0,40997.0,11704.0,39466.0,100.0
10341,10379.0,0.0895076514597469,1731778042000.0,1731813673000.0,6799.44,50ns_1240b_1032_1032_557_56bpi_PbPb,7.376389,2.520556,1.526944,0.355278,PB82,PB82,1240.0,1240.0,1032.0,1032.0,557.0,0.5,0.5,0.5,1.5,150.0,150.0,150.0,-210.0,,,0.186421,0.1856009999999999,0.0,0.0,2.666825,2.368201,2.729256,2.05723,0.006456,0.006471,0.006422,0.001562,15614.803406,19028.25852,0.095869,0.0929669999999999,0.102107,0.0256699999999999,100.0,19130.7005027313,18233.44307732776,18087.92369124033,18387.03849346034,17861.2906443092,17023.570370782927,16887.70686442999,17166.97402548893,430.978820234474,412.0960934522138,442.8409123847287,599.3603033928989,402.38139573877095,384.7516246194709,413.45638358435593,559.5899940011867,68400995.0,13431.0,45811.0,14267.0,42782.0,11704.0,41584.0,11867.0,40032.0,100.0
10345,10380.0,0.041790185408826,1731813673000.0,1731833999000.0,6799.44,50ns_1240b_1032_1032_557_56bpi_PbPb,3.026667,2.6875,1.349722,0.355278,PB82,PB82,920.0,808.0,712.0,488.0,208.0,0.5,0.5,0.5,1.5,150.0,150.0,150.0,-210.0,,,0.1870709999999999,0.1884319999999999,0.0,0.0,2.634402,2.28756,2.631014,1.999726,0.006295,0.006381,0.004889,0.0008229999999999,10888.713557,12065.512401,0.043538,0.044325,0.03106,0.006252,100.0,19668.96866832155,18712.223651934724,18523.283512037106,18853.04465941307,18879.366242122906,17961.029349666303,17779.674131753418,18096.197157374,443.1084213082392,422.92019451793874,453.50321700538814,614.5533094364914,425.3200211926019,405.9422422261339,435.2975222140251,589.8823268170011,31674079.0,6462.0,21695.0,6802.0,20200.0,5596.0,19574.0,5681.0,18828.0,100.0
10349,10381.0,0.0531967400301942,1731833999000.0,1731860191000.0,6799.44,50ns_1240b_1032_1032_557_56bpi_PbPb,2.97,4.276667,1.628889,0.355,PB82,PB82,1240.0,1240.0,1032.0,1032.0,557.0,0.5,0.5,0.5,1.5,150.0,150.0,150.0,-210.0,,,0.1733099999999999,0.182222,0.0,0.0,2.569627,2.070238,2.705137,1.997053,0.006457,0.006472,0.006459,0.001559,12729.314752,10843.969684,0.055892,0.054742,0.0587709999999999,0.0139589999999999,100.0,19264.79346022656,18316.250032154607,18376.57783827431,18668.93999281529,18335.794200226497,17432.99204337949,17490.410683233884,17768.674361931804,434.0017628252108,413.96952363707584,449.9100445144935,608.5510018583955,413.073050698826,394.0068190321494,428.2141929973994,579.205064069551,40779889.0,8053.0,28275.0,8560.0,26529.0,7067.0,25874.0,7161.0,24868.0,100.0
10354,10382.0,0.0841269776939883,1731860191000.0,1731895810000.0,6799.44,50ns_1240b_1032_1032_557_56bpi_PbPb,7.214444,2.640556,1.73,0.355,PB82,PB82,1240.0,1240.0,1032.0,1032.0,557.0,0.5,0.5,0.5,1.5,150.0,150.0,150.0,-210.0,,,0.177011,0.178894,0.0,0.0,2.664035,2.335155,2.705721,2.067216,0.006428,0.006484,0.006446,0.001556,12439.54835,19230.42551,0.090296,0.08743,0.096004,0.023779,100.0,18679.364767087955,17762.77401862133,17534.743427980633,17856.830217745,17403.19065184151,16549.22137910775,16336.76983737415,16636.851659138512,420.81134168939263,401.45870091163465,429.2978734289832,582.0773821646737,392.0615127545059,374.03104430595647,399.9682446845566,542.309858083887,64552406.0,12405.0,43511.0,13106.0,40598.0,10664.0,39394.0,10832.0,38076.0,100.0
10359,10383.0,0.0686334658424784,1731895810000.0,1731920838000.0,6799.44,50ns_1240b_1032_1032_557_56bpi_PbPb,3.817778,2.960833,1.971944,0.354722,PB82,PB82,1240.0,1240.0,1032.0,1032.0,557.0,0.5,0.5,0.5,1.5,150.0,150.0,150.0,-210.0,,,0.196614,0.197057,0.0,0.0,2.777067,2.415722,2.730368,2.07906,0.006485,0.00648,0.006657,0.001559,21735.342957,11832.076211,0.072088,0.070456,0.0755659999999999,0.0178439999999999,100.0,19804.816552628443,18774.60546946001,18899.162174416702,19085.214125529896,18855.74853486539,17874.906270033745,17993.49408430376,18170.63022668049,446.166218925933,424.3277348780544,462.703025850757,622.119291483993,424.7854559249914,403.9934954190599,440.5298013530594,592.3066688216281,52185282.0,10700.0,36112.0,11325.0,33692.0,9377.0,32697.0,9445.0,31393.0,100.0
10371,10387.0,0.0193872402392515,1731970563000.0,1732000074000.0,6799.44,50ns_451b_338_338_320_56bpi_11inj_3INDIVs_800ns_bs100ns,2.413056,19.758889,1.9425,0.356389,PB82,PB82,451.0,451.0,338.0,338.0,320.0,0.5,0.5,0.5,1.5,150.0,150.0,-150.0,-210.0,,,0.2063389999999999,0.197297,0.0,0.0,2.627906,2.320847,2.673981,2.029761,0.0034139999999999,0.0035829999999999,0.003183,0.001263,12226.339039,12226.339039,0.020264,0.0202519999999999,0.006798,0.0081049999999999,100.0,20728.07665517693,19523.99254701282,18943.62550425716,19371.51882984515,19831.23775224717,18679.25058913808,18123.994209112025,18533.37393177027,466.9755872267001,441.2738882939855,463.80205513427904,631.459770976549,446.771017342558,422.1813503584754,443.7347940360667,604.1384860513774,15805979.0,3159.0,10387.0,3283.0,9725.0,2655.0,9468.0,2708.0,9090.0,100.0
10375,10388.0,0.0800552541460307,1732000074000.0,1732030982000.0,6799.44,50ns_1240b_1032_1032_557_56bpi_PbPb,5.307778,3.035556,1.753611,0.355278,PB82,PB82,1240.0,1240.0,1032.0,1032.0,557.0,0.5,0.5,0.5,1.5,150.0,150.0,-150.0,-210.0,,,0.18875,0.197683,0.0,0.0,2.717859,2.207788,2.648224,1.992733,0.006464,0.00646,0.006517,0.001557,19883.494788,14413.802871,0.084723,0.084292,0.091179,0.021588,100.0,20348.97280774415,19437.00634464568,19394.22293766629,19629.507525141104,19227.8624427207,18366.140041766947,18325.71375234178,18548.035523843497,458.4243789503472,439.2981079072976,474.8227682228144,639.8610519440002,433.1678548163582,415.0953303635272,448.6627879607572,604.6084195734744,64053724.0,12857.0,43552.0,13691.0,40571.0,11224.0,39903.0,11331.0,38324.0,100.0
10382,10391.0,0.0110355385440708,1732039405000.0,1732051091000.0,6799.32,50ns_1240b_1032_1032_557_56bpi_PbPb,0.516389,5.1175,1.604722,0.3555559999999999,PB82,PB82,1240.0,1240.0,1032.0,1032.0,557.0,0.5,0.5,0.5,1.5,150.0,150.0,-150.0,-210.0,,,0.192281,0.19496,0.0,0.0,2.744697,2.464002,2.613762,2.105901,0.006437,0.006463,0.006476,0.001523,1404.966872,1404.966872,0.0115289999999999,0.011055,0.011247,0.0027,100.0,20418.10326815876,19395.759334533584,19140.79937430221,19692.754621544154,19544.17257460208,18565.586757547884,18321.53953156748,18849.87012446718,460.0032731814622,438.3854901181116,468.6403936618469,641.9393216779955,440.3143248844506,419.6218209176739,448.5817614332468,614.4631908519638,8996369.0,1815.0,6127.0,1887.0,5692.0,1527.0,5558.0,1567.0,5396.0,100.0
10386,10392.0,0.0695770612529457,1732051091000.0,1732088446000.0,6799.44,50ns_1240b_1032_1032_557_56bpi_PbPb,3.914444,2.712222,1.521944,0.355278,PB82,PB82,1240.0,1240.0,1032.0,1032.0,557.0,0.5,0.5,0.5,1.5,150.0,150.0,-150.0,-210.0,,,0.1930129999999999,0.197025,0.0,0.0,2.708802,2.372225,2.633786,2.050675,0.006479,0.006661,0.006493,0.001538,21954.460558,11594.654322,0.073079,0.071575,0.075714,0.0173199999999999,100.0,19313.189456937056,18423.80006592271,18360.537229469894,18589.184365531528,18387.70325038732,17540.933314614726,17480.702027283034,17698.392414276168,435.090806718804,416.3991469335956,449.5160799177402,605.9502851723931,414.24129653755233,396.44533931598846,427.9753120133096,576.9132049929462,54799248.0,10627.0,36298.0,11242.0,33801.0,9235.0,32877.0,9326.0,31754.0,100.0
10401,10397.0,0.0918770990270837,1732142706000.0,1732179100000.0,6799.44,50ns_1240b_1032_1032_557_56bpi_PbPb,7.295556,21.882778,1.696111,0.355278,PB82,PB82,1240.0,1240.0,1032.0,1032.0,557.0,0.5,0.5,0.5,1.5,150.0,150.0,-150.0,-210.0,,,0.191084,0.1947889999999999,0.0,0.0,2.667693,2.249353,2.680794,2.052807,0.006433,0.006463,0.006443,0.0015629999999999,20155.16615,15776.651311,0.098154,0.095986,0.1050529999999999,0.026588,100.0,19514.27249586166,18642.239866818243,18371.233310847696,18626.82741046053,18266.344178981788,17450.077616096223,17196.40179870829,17435.650778891133,439.6198370926217,421.3352204157367,449.7769613254454,607.1765844770297,411.50636048280495,394.3910362260815,421.01394151841777,568.3479346631065,70514966.0,14157.0,47849.0,15020.0,44745.0,12202.0,43394.0,12340.0,41785.0,100.0
10406,10398.0,0.0907929756987222,1732179100000.0,1732229793000.0,6799.44,50ns_1240b_1032_1032_557_56bpi_PbPb,7.254722,6.501389,2.458611,0.3555559999999999,PB82,PB82,1240.0,1240.0,1032.0,1032.0,557.0,0.5,0.5,0.5,1.5,150.0,150.0,-150.0,-210.0,,,0.1946799999999999,0.195811,0.0,0.0,2.652163,2.124922,2.582625,2.012139,0.006467,0.006472,0.006637,0.0016149999999999,24040.139688,7011.14516,0.096896,0.094975,0.101771,0.025738,100.0,19717.20304887881,18673.69249487857,18595.167714542025,18804.945805443287,18475.308962842908,17497.52424138171,17423.945368437075,17620.51052189359,444.1914851974233,422.0461125693362,455.2594741144112,612.9826951409042,416.2139481620397,395.4634086262377,426.5848163998803,574.3737919384224,69820371.0,13747.0,46179.0,14472.0,43166.0,11878.0,41964.0,11987.0,40537.0,100.0
10411,10400.0,0.0887477191989909,1732234059000.0,1732268849000.0,6799.44,50ns_1240b_1032_1032_557_56bpi_PbPb,6.669167,,1.645278,0.355,PB82,PB82,559.0,569.0,1032.0,1032.0,557.0,0.5,,0.5,,150.0,150.0,-150.0,-210.0,,,0.4417929999999999,0.432607,0.0,0.0,2.757945,2.113921,2.821165,2.060235,0.006439,0.006488,0.006469,0.00172,26461.8339,7566.070161,0.093831,0.092227,0.09903,0.023729,100.0,18474.78001716089,17556.239631937347,17527.372851571752,17720.94423645866,17473.911492216048,16605.132898992575,16577.829972261912,16760.91465547858,416.20229317644527,396.7906705081296,429.11724838355866,577.6478074493863,393.6545943749856,375.2945935462142,405.869883758968,546.3538213536137,67959050.0,12973.0,45970.0,13694.0,42912.0,11245.0,41919.0,11340.0,40288.0,100.0
10414,10401.0,0.064791619271915,1732268849000.0,1732293326000.0,6799.56,50ns_1240b_1032_1032_557_56bpi_PbPb,3.530278,3.152222,2.019722,0.3555559999999999,PB82,PB82,1240.0,1240.0,1032.0,1032.0,557.0,0.5,0.5,0.5,1.5,150.0,150.0,-150.0,-210.0,,,0.193527,0.194145,0.0,0.0,2.655345,2.177837,2.739175,2.046065,0.006445,0.006478,0.0066,0.001556,20584.801656,11142.632871,0.067973,0.067035,0.071535,0.016597,100.0,19264.2606413566,18363.001510236347,18392.93406224477,18613.656799783323,18362.623998200983,17503.547033981653,17532.078634963913,17742.470755000573,433.9888325896815,415.0253076829359,450.3095355604512,606.7482331188461,413.67659525713935,395.6006314801787,429.2334306643175,578.3502348600687,49041200.0,9650.0,33017.0,10278.0,30809.0,8441.0,29933.0,8524.0,28858.0,100.0
10422,10404.0,0.0576127724754546,1732320271000.0,1732344479000.0,6798.96,50ns_1240b_1032_1032_557_56bpi_PbPb,3.406944,9.778889,1.801111,0.355,PB82,PB82,1184.0,1128.0,920.0,920.0,407.0,0.5,0.5,0.5,1.5,150.0,150.0,-150.0,-210.0,,,0.193472,0.195506,0.0,0.0,2.832461,2.534843,2.645546,2.060124,0.006441,0.006469,0.006318,0.001436,13149.438704,10430.825375,0.060338,0.060237,0.0573769999999999,0.012019,100.0,19740.420822749515,18873.26631061527,18838.40349914349,19014.47521444058,18848.8245124266,18020.83592134545,17987.547724435073,18155.666980505448,444.7162821541591,426.5582638461125,461.2162884006477,619.8140248958958,424.6302161138532,407.2923232870007,440.3849826908451,591.819490096176,44155900.0,8930.0,29877.0,9517.0,28020.0,7846.0,27295.0,7899.0,26228.0,100.0
